,leiden_0.5,leiden_1,leiden_2,UMAP1,UMAP2
E7.5:injection5:clone_10,7,8,7,13.653749,6.33955
E7.5:injection5:clone_101,7,8,7,13.723656,6.923771
E7.5:injection5:clone_102,7,8,7,14.069635,6.4788523
E7.5:injection5:clone_1043,3,4,4,12.405624,11.204674
E7.5:injection5:clone_106,7,8,7,14.121258,6.8411956
E7.5:injection5:clone_11,7,8,7,14.161154,7.234945
E7.5:injection5:clone_1120,5,6,6,7.332313,-1.2252835
E7.5:injection5:clone_113,4,10,15,11.108439,8.219435
E7.5:injection5:clone_114,7,8,7,14.360986,6.891417
E7.5:injection5:clone_118,4,10,15,11.42003,8.267656
E7.5:injection5:clone_120,7,8,7,13.673529,7.7559085
E7.5:injection5:clone_122,7,8,7,14.13697,6.3355207
E7.5:injection5:clone_129,4,10,15,11.737362,8.516671
E7.5:injection5:clone_132,7,8,7,13.091039,7.2678027
E7.5:injection5:clone_145,7,8,7,13.051783,7.5553575
E7.5:injection5:clone_148,7,8,7,14.168363,7.1186543
E7.5:injection5:clone_150,7,8,7,13.098129,6.3508463
E7.5:injection5:clone_157,7,8,7,13.926729,7.3622384
E7.5:injection5:clone_16,7,8,7,13.403218,6.964819
E7.5:injection5:clone_1620,0,0,0,6.9973736,8.218039
E7.5:injection5:clone_1621,0,0,0,7.078962,6.8149858
E7.5:injection5:clone_1622,1,1,9,7.759271,2.5398653
E7.5:injection5:clone_1623,0,0,0,7.95493,7.7590647
E7.5:injection5:clone_1624,0,0,0,7.132223,8.995076
E7.5:injection5:clone_1625,0,0,0,6.705373,9.052171
E7.5:injection5:clone_1626,0,0,14,9.147689,10.748574
E7.5:injection5:clone_1627,0,0,14,6.9216194,9.55595
E7.5:injection5:clone_1628,0,0,0,7.925972,8.318712
E7.5:injection5:clone_1629,1,9,10,8.932171,3.3434384
E7.5:injection5:clone_1630,1,1,9,8.11108,3.1682582
E7.5:injection5:clone_1631,0,0,0,7.5758333,7.0184255
E7.5:injection5:clone_1632,1,1,1,8.189257,4.701872
E7.5:injection5:clone_1634,1,9,10,9.67243,3.7818282
E7.5:injection5:clone_1635,1,1,0,7.531041,5.4121146
E7.5:injection5:clone_1636,0,0,14,7.1801343,9.550721
E7.5:injection5:clone_1637,0,0,0,7.3242702,6.640074
E7.5:injection5:clone_1638,1,1,1,8.063342,3.8525615
E7.5:injection5:clone_1639,1,1,9,7.0096717,2.4944916
E7.5:injection5:clone_1640,0,0,0,7.256126,8.707742
E7.5:injection5:clone_1641,0,0,14,7.5290837,9.568455
E7.5:injection5:clone_1642,1,9,10,8.750702,5.056877
E7.5:injection5:clone_1644,1,1,9,8.279759,4.0341735
E7.5:injection5:clone_1645,0,0,14,8.363291,10.079734
E7.5:injection5:clone_1646,0,0,5,8.249007,6.323495
E7.5:injection5:clone_1647,0,0,0,6.49219,8.457303
E7.5:injection5:clone_1648,0,0,14,8.549253,10.455958
E7.5:injection5:clone_1649,0,0,14,7.2990227,9.841533
E7.5:injection5:clone_1650,1,1,9,8.517834,3.6293294
E7.5:injection5:clone_1652,0,0,14,7.653604,10.249099
E7.5:injection5:clone_1654,0,0,0,6.8756824,9.089406
E7.5:injection5:clone_1655,0,0,0,7.6451445,7.7255573
E7.5:injection5:clone_1656,0,0,5,9.286115,7.796432
E7.5:injection5:clone_1657,1,9,10,9.031296,4.5604224
E7.5:injection5:clone_1658,1,1,1,7.56907,3.6028488
E7.5:injection5:clone_1660,0,0,14,9.691071,10.662731
E7.5:injection5:clone_1661,0,0,14,7.0059505,9.422659
E7.5:injection5:clone_1662,0,0,5,9.189251,7.8259215
E7.5:injection5:clone_1663,0,0,0,6.9685063,9.034495
E7.5:injection5:clone_1664,0,0,0,6.609676,8.935161
E7.5:injection5:clone_1665,0,0,14,8.512294,10.453161
E7.5:injection5:clone_1667,1,1,9,6.643578,2.905164
E7.5:injection5:clone_1670,3,4,4,12.348805,11.20229
E7.5:injection5:clone_1671,0,0,5,8.038586,7.509565
E7.5:injection5:clone_1672,0,0,5,8.572736,6.9015946
E7.5:injection5:clone_1673,1,1,9,6.83804,2.378954
E7.5:injection5:clone_1674,3,2,4,13.486871,11.690574
E7.5:injection5:clone_1676,0,0,0,7.5124846,7.9858932
E7.5:injection5:clone_1677,0,0,14,7.4532804,9.788955
E7.5:injection5:clone_1678,5,6,6,6.931458,-0.3678046
E7.5:injection5:clone_1679,1,1,1,7.803594,4.0299435
E7.5:injection5:clone_1680,3,4,4,12.743561,11.43773
E7.5:injection5:clone_1681,5,6,6,6.6127815,-0.66799676
E7.5:injection5:clone_1684,0,0,14,8.934662,9.709593
E7.5:injection5:clone_1686,1,9,10,8.899441,4.272265
E7.5:injection5:clone_1687,1,1,1,8.222705,4.6080813
E7.5:injection5:clone_1688,3,4,8,12.399894,13.394196
E7.5:injection5:clone_1691,1,9,10,9.529988,4.511972
E7.5:injection5:clone_1695,1,1,1,7.848424,4.146849
E7.5:injection5:clone_1696,1,1,9,7.1338344,2.8521173
E7.5:injection5:clone_1697,3,4,8,12.011331,13.560268
E7.5:injection5:clone_1698,1,1,9,7.830943,3.7472196
E7.5:injection5:clone_1699,0,0,0,7.434582,7.7629356
E7.5:injection5:clone_17,7,8,7,13.70245,6.28129
E7.5:injection5:clone_1700,3,4,4,12.647264,11.073175
E7.5:injection5:clone_1701,0,0,0,6.7833138,8.781294
E7.5:injection5:clone_1703,0,0,0,7.213389,7.1139693
E7.5:injection5:clone_1704,0,0,14,8.956741,10.429637
E7.5:injection5:clone_1705,0,0,5,8.692361,7.235762
E7.5:injection5:clone_1706,0,0,0,7.414751,9.275363
E7.5:injection5:clone_1707,6,7,18,-1.043981,-1.3441277
E7.5:injection5:clone_1708,0,0,0,6.6566176,9.291395
E7.5:injection5:clone_1711,1,1,9,8.321076,3.0230923
E7.5:injection5:clone_1712,0,0,0,7.439142,8.419427
E7.5:injection5:clone_1713,1,1,9,8.276256,3.6119847
E7.5:injection5:clone_1716,3,2,4,13.663839,11.703081
E7.5:injection5:clone_1729,1,9,10,9.535782,3.7178009
E7.5:injection5:clone_1730,0,0,0,7.1859426,8.19081
E7.5:injection5:clone_1736,5,6,6,6.505889,-1.1379145
E7.5:injection5:clone_1742,5,6,6,6.1526613,-1.2748119
E7.5:injection5:clone_1745,1,1,1,7.348146,6.061978
E7.5:injection5:clone_1746,0,0,0,7.881713,8.066585
E7.5:injection5:clone_1749,6,7,13,-2.2723448,-0.28407967
E7.5:injection5:clone_175,7,8,7,12.928637,7.537737
E7.5:injection5:clone_1756,1,1,1,7.6171837,4.335018
E7.5:injection5:clone_1758,3,4,4,12.274912,11.112593
E7.5:injection5:clone_1779,0,0,14,7.6008053,9.709976
E7.5:injection5:clone_185,7,8,7,13.835724,7.2255626
E7.5:injection5:clone_188,7,8,7,14.425988,7.1057525
E7.5:injection5:clone_20,7,8,7,13.563105,7.1825666
E7.5:injection5:clone_209,4,10,15,12.065193,7.4386277
E7.5:injection5:clone_21,4,10,15,11.227483,8.113848
E7.5:injection5:clone_220,4,10,15,12.148778,7.0722394
E7.5:injection5:clone_237,7,8,7,13.137892,6.4877796
E7.5:injection5:clone_24,4,10,15,11.92604,7.8803687
E7.5:injection5:clone_250,7,8,7,13.5365305,7.4783564
E7.5:injection5:clone_262,4,10,15,12.353133,7.5504866
E7.5:injection5:clone_263,7,8,7,14.171024,6.8535147
E7.5:injection5:clone_264,7,8,7,13.699957,6.8774586
E7.5:injection5:clone_268,7,8,7,13.65792,7.0016537
E7.5:injection5:clone_27,7,8,7,13.449825,6.441059
E7.5:injection5:clone_273,5,6,6,6.4314947,-1.5768257
E7.5:injection5:clone_279,7,8,7,13.493909,6.147049
E7.5:injection5:clone_28,7,8,7,13.525417,7.2366605
E7.5:injection5:clone_282,4,10,15,11.607554,8.902043
E7.5:injection5:clone_29,7,8,7,13.238142,6.3030086
E7.5:injection5:clone_297,4,10,15,11.347951,8.850775
E7.5:injection5:clone_301,5,6,6,6.1930423,-0.89639646
E7.5:injection5:clone_324,4,10,15,11.519249,8.607351
E7.5:injection5:clone_333,4,10,15,10.8676405,8.782984
E7.5:injection5:clone_35,4,10,15,11.404963,8.145638
E7.5:injection5:clone_353,7,8,7,13.063087,6.6644278
E7.5:injection5:clone_356,4,10,15,11.331374,8.028305
E7.5:injection5:clone_377,4,10,15,11.514331,8.883395
E7.5:injection5:clone_378,4,10,15,11.632598,10.027489
E7.5:injection5:clone_38,7,8,7,13.072304,6.517113
E7.5:injection5:clone_381,4,10,15,11.835496,8.401849
E7.5:injection5:clone_385,4,10,15,12.074757,8.414116
E7.5:injection5:clone_397,4,10,15,12.184809,7.8859982
E7.5:injection5:clone_42,7,8,7,13.450768,7.085274
E7.5:injection5:clone_438,7,8,7,13.374374,7.4788218
E7.5:injection5:clone_442,7,8,7,13.651705,7.6497746
E7.5:injection5:clone_45,7,8,7,13.962902,6.9534497
E7.5:injection5:clone_467,4,10,15,11.975809,8.820703
E7.5:injection5:clone_49,7,8,7,14.0491705,6.670345
E7.5:injection5:clone_5,7,8,7,13.785107,6.593913
E7.5:injection5:clone_50,7,8,7,13.884609,7.8050528
E7.5:injection5:clone_51,7,8,7,14.003268,6.7251
E7.5:injection5:clone_55,4,10,15,11.434314,8.545882
E7.5:injection5:clone_60,7,8,7,13.1998205,7.255575
E7.5:injection5:clone_61,4,10,15,11.5793495,8.162949
E7.5:injection5:clone_638,4,10,15,11.181179,8.367282
E7.5:injection5:clone_67,7,8,7,13.371534,6.973673
E7.5:injection5:clone_75,7,8,7,13.588163,7.26237
E7.5:injection5:clone_78,7,8,7,13.170087,6.801534
E7.5:injection5:clone_8,7,8,7,13.353497,7.305612
E7.5:injection5:clone_85,4,10,15,12.453612,8.059739
E7.5:injection5:clone_90,7,8,7,14.559463,6.7154055
E7.5:injection5:clone_92,7,8,7,14.289211,6.9669046
E7.5:injection5:clone_93,7,8,7,13.815951,6.4041257
E7.5:injection5:clone_94,7,8,7,12.855306,6.8454914
E7.5:injection5:clone_96,4,10,15,12.424272,7.5400414
E7.5:injection6:clone_1000,1,1,9,7.6259646,1.2384034
E7.5:injection6:clone_1001,1,9,10,9.172274,4.9834833
E7.5:injection6:clone_1003,0,0,5,9.359377,8.268119
E7.5:injection6:clone_1005,0,0,5,9.847191,8.890303
E7.5:injection6:clone_1006,2,3,11,-2.3670642,6.729112
E7.5:injection6:clone_1008,1,9,10,9.574367,2.6864815
E7.5:injection6:clone_1009,0,0,5,9.570588,8.369842
E7.5:injection6:clone_1011,0,0,14,8.546073,10.575723
E7.5:injection6:clone_1012,2,5,2,-3.4346495,5.56886
E7.5:injection6:clone_1016,1,9,10,9.33808,4.7676005
E7.5:injection6:clone_1018,3,2,3,15.467668,11.27373
E7.5:injection6:clone_1019,2,5,2,-2.999205,5.009456
E7.5:injection6:clone_1020,3,2,4,13.841212,12.762377
E7.5:injection6:clone_1021,3,2,4,14.645778,13.096134
E7.5:injection6:clone_1022,2,3,11,-3.3755777,6.056752
E7.5:injection6:clone_1023,0,0,0,6.2469244,7.887387
E7.5:injection6:clone_1024,9,13,20,-0.7896818,10.723153
E7.5:injection6:clone_1025,0,0,5,9.222357,7.434598
E7.5:injection6:clone_1027,8,11,17,-1.5701449,8.806559
E7.5:injection6:clone_1029,6,7,13,-3.2757835,-0.5203072
E7.5:injection6:clone_1030,2,3,12,-1.1771168,7.551935
E7.5:injection6:clone_1031,0,0,5,9.599572,7.862577
E7.5:injection6:clone_1032,3,2,3,15.558168,11.592394
E7.5:injection6:clone_1033,1,9,10,10.048912,3.1467967
E7.5:injection6:clone_1034,1,9,10,10.091809,2.6923947
E7.5:injection6:clone_1035,2,3,12,-0.68473476,6.6406927
E7.5:injection6:clone_1036,3,2,3,15.498357,11.176473
E7.5:injection6:clone_1038,1,9,10,8.838478,2.6203864
E7.5:injection6:clone_1039,1,9,10,9.529025,4.2845283
E7.5:injection6:clone_1040,3,2,3,14.9358835,10.612752
E7.5:injection6:clone_1044,5,6,6,7.559473,-1.2935336
E7.5:injection6:clone_1045,1,1,1,7.135427,3.562878
E7.5:injection6:clone_1048,2,3,11,-2.5773876,7.1647096
E7.5:injection6:clone_1050,1,9,10,8.57985,3.065506
E7.5:injection6:clone_1053,0,0,5,9.350544,8.098408
E7.5:injection6:clone_1055,0,0,14,9.204664,10.219988
E7.5:injection6:clone_1056,2,3,12,-0.65078366,6.9447684
E7.5:injection6:clone_1059,2,3,11,-2.5730917,5.870958
E7.5:injection6:clone_1061,0,0,14,8.042581,10.348737
E7.5:injection6:clone_1062,5,12,19,5.1344233,0.5805264
E7.5:injection6:clone_1064,0,0,0,8.055959,8.297144
E7.5:injection6:clone_1065,2,3,11,-3.57669,6.340333
E7.5:injection6:clone_1066,1,9,10,9.565143,2.416688
E7.5:injection6:clone_1067,1,9,10,9.407543,3.9638736
E7.5:injection6:clone_1068,0,0,0,7.8966837,7.872094
E7.5:injection6:clone_1069,1,9,10,9.233045,4.364202
E7.5:injection6:clone_1070,1,1,1,7.0803576,4.5146394
E7.5:injection6:clone_1071,2,3,12,-0.8804704,7.3184257
E7.5:injection6:clone_1072,3,2,3,15.174052,10.370694
E7.5:injection6:clone_1073,3,2,3,14.263467,10.160719
E7.5:injection6:clone_1074,3,4,8,12.444653,12.992528
E7.5:injection6:clone_1075,0,0,5,8.73224,7.904479
E7.5:injection6:clone_1076,2,3,11,-3.6218097,6.6730423
E7.5:injection6:clone_1077,0,0,5,9.080876,8.945037
E7.5:injection6:clone_1078,2,5,2,-2.9149802,4.4338665
E7.5:injection6:clone_1079,3,2,3,14.77199,10.936599
E7.5:injection6:clone_1080,3,2,3,14.895256,11.770622
E7.5:injection6:clone_1082,2,5,2,-1.2278415,3.9187787
E7.5:injection6:clone_1083,0,0,0,7.6540275,7.4270225
E7.5:injection6:clone_1086,1,1,1,7.2591796,5.252458
E7.5:injection6:clone_1087,2,5,2,-3.3738642,4.6816916
E7.5:injection6:clone_1089,0,0,0,8.058561,6.656029
E7.5:injection6:clone_1091,5,6,6,7.2416716,-1.279896
E7.5:injection6:clone_1092,4,4,8,11.3877735,12.207447
E7.5:injection6:clone_1093,2,3,11,-3.5929961,6.286119
E7.5:injection6:clone_1094,3,2,4,13.718308,12.650786
E7.5:injection6:clone_1096,8,11,17,-2.2191877,8.763117
E7.5:injection6:clone_1097,1,1,1,7.9705415,4.57872
E7.5:injection6:clone_1098,2,3,11,-2.5336106,7.4984336
E7.5:injection6:clone_1101,8,11,17,-1.1825222,9.348713
E7.5:injection6:clone_1103,4,10,15,10.6927185,8.02628
E7.5:injection6:clone_1104,1,1,1,6.9937263,5.7611732
E7.5:injection6:clone_1105,2,3,12,-2.1484165,7.8964233
E7.5:injection6:clone_1106,2,5,2,-1.5080999,3.919258
E7.5:injection6:clone_1109,1,9,10,8.560986,3.8407824
E7.5:injection6:clone_1111,2,3,2,-1.8969142,5.5657306
E7.5:injection6:clone_1113,3,2,3,14.323889,10.916953
E7.5:injection6:clone_1115,1,1,9,7.4382753,1.8772256
E7.5:injection6:clone_1116,5,6,6,6.3852563,-1.5112376
E7.5:injection6:clone_1117,1,9,10,9.642531,3.0785913
E7.5:injection6:clone_1118,3,4,8,11.498848,13.095053
E7.5:injection6:clone_1120,1,1,1,7.6651044,4.353133
E7.5:injection6:clone_1121,5,12,19,5.030352,0.5940398
E7.5:injection6:clone_1122,3,2,4,13.211712,11.941324
E7.5:injection6:clone_1124,8,11,17,-1.5163239,9.162787
E7.5:injection6:clone_1125,2,3,12,-1.4591787,7.0336146
E7.5:injection6:clone_1127,2,5,2,-3.2997365,3.9921336
E7.5:injection6:clone_1130,2,3,12,-0.60927916,7.3192496
E7.5:injection6:clone_1131,1,1,9,7.5358686,1.7112672
E7.5:injection6:clone_1132,2,3,12,-1.3414291,6.684923
E7.5:injection6:clone_1133,9,13,20,-0.7536832,11.114212
E7.5:injection6:clone_1134,5,6,6,6.806588,-1.2554634
E7.5:injection6:clone_1136,2,3,11,-3.393318,7.555151
E7.5:injection6:clone_1137,8,11,17,-1.7224312,8.643923
E7.5:injection6:clone_1138,5,6,6,6.3904014,-0.02528022
E7.5:injection6:clone_1139,1,1,1,7.6704044,4.400257
E7.5:injection6:clone_1140,6,7,13,-3.2348993,-0.67069423
E7.5:injection6:clone_1141,8,11,17,-1.5735693,9.392602
E7.5:injection6:clone_1142,4,4,8,10.585697,12.976763
E7.5:injection6:clone_1145,6,7,13,-2.4983718,0.2853343
E7.5:injection6:clone_1147,0,0,0,8.412006,7.1019325
E7.5:injection6:clone_1148,6,7,13,-3.0995252,-0.6227614
E7.5:injection6:clone_1150,0,0,5,9.050454,6.847461
E7.5:injection6:clone_1152,2,5,2,-2.3784876,3.9370441
E7.5:injection6:clone_1153,0,0,0,7.72054,6.33317
E7.5:injection6:clone_1154,5,6,6,7.286791,-1.1000508
E7.5:injection6:clone_1155,2,5,2,-1.5941985,4.755398
E7.5:injection6:clone_1157,1,9,10,8.719698,3.4012885
E7.5:injection6:clone_1158,2,3,11,-3.8891385,5.906396
E7.5:injection6:clone_1160,2,3,2,-2.4912474,5.5010815
E7.5:injection6:clone_1165,3,2,4,13.020705,11.332497
E7.5:injection6:clone_1166,0,0,0,8.153988,8.170494
E7.5:injection6:clone_1167,1,1,9,7.7541137,2.138983
E7.5:injection6:clone_1169,1,9,10,9.954402,2.531779
E7.5:injection6:clone_1171,5,6,6,6.669169,-1.4893248
E7.5:injection6:clone_1173,1,9,10,9.468272,4.9545155
E7.5:injection6:clone_1175,1,1,1,7.4341836,3.0765338
E7.5:injection6:clone_1177,3,4,8,12.868992,13.373661
E7.5:injection6:clone_1178,2,5,2,-3.1052172,4.60503
E7.5:injection6:clone_1180,2,3,12,-0.40153524,7.399451
E7.5:injection6:clone_1182,1,1,9,7.6759644,1.646906
E7.5:injection6:clone_1183,1,1,9,6.57133,4.7046967
E7.5:injection6:clone_1184,2,3,2,-1.5554415,5.8004684
E7.5:injection6:clone_1185,2,5,2,-3.3200166,4.559778
E7.5:injection6:clone_1186,2,5,2,-2.9136994,5.1090336
E7.5:injection6:clone_1187,2,3,11,-3.1465619,5.899963
E7.5:injection6:clone_1190,0,0,0,8.412947,7.5564866
E7.5:injection6:clone_1191,0,0,5,9.750457,8.659605
E7.5:injection6:clone_1192,3,2,3,15.5223875,10.719003
E7.5:injection6:clone_1195,6,7,13,-3.136138,-0.51572007
E7.5:injection6:clone_1198,4,4,16,10.586009,12.002838
E7.5:injection6:clone_1199,5,6,6,8.106101,-1.0469083
E7.5:injection6:clone_1201,1,9,10,9.360689,3.3161163
E7.5:injection6:clone_1203,2,3,11,-3.0960479,5.638389
E7.5:injection6:clone_1205,2,3,11,-3.094082,7.640689
E7.5:injection6:clone_1208,1,1,9,7.8250685,1.7369206
E7.5:injection6:clone_1210,3,2,3,15.554851,11.042412
E7.5:injection6:clone_1211,2,3,12,-1.3007617,7.1157956
E7.5:injection6:clone_1212,5,6,6,7.8409176,-0.3892307
E7.5:injection6:clone_1213,2,3,11,-2.6856356,5.7510023
E7.5:injection6:clone_1215,1,9,10,9.248925,5.177833
E7.5:injection6:clone_1218,2,3,11,-2.8292832,7.8756356
E7.5:injection6:clone_1220,3,2,4,13.307271,11.502174
E7.5:injection6:clone_1221,8,11,17,-1.2006123,9.276721
E7.5:injection6:clone_1222,3,2,4,13.520713,12.497825
E7.5:injection6:clone_1223,0,0,0,6.408075,8.584428
E7.5:injection6:clone_1225,0,0,0,8.254404,9.041452
E7.5:injection6:clone_1226,2,3,11,-3.2276928,8.021382
E7.5:injection6:clone_1228,3,2,3,15.069052,11.017605
E7.5:injection6:clone_1229,2,5,2,-1.5041372,3.6132953
E7.5:injection6:clone_1230,0,0,5,10.149112,8.488785
E7.5:injection6:clone_1231,1,1,9,7.468249,1.0307299
E7.5:injection6:clone_1232,9,13,20,-0.5780057,11.01504
E7.5:injection6:clone_1234,8,11,17,-1.3131133,9.137466
E7.5:injection6:clone_1235,2,3,11,-3.6767657,6.0806804
E7.5:injection6:clone_1238,1,9,10,10.200037,2.9779613
E7.5:injection6:clone_1241,8,11,17,-1.1375059,8.721526
E7.5:injection6:clone_1245,1,1,9,8.615537,2.4105127
E7.5:injection6:clone_1246,1,1,1,6.6198444,4.141611
E7.5:injection6:clone_1247,2,3,11,-4.0312138,5.9588623
E7.5:injection6:clone_1248,0,0,5,8.656283,7.558512
E7.5:injection6:clone_1249,0,0,5,9.587807,8.722035
E7.5:injection6:clone_1251,3,2,3,14.843641,10.624078
E7.5:injection6:clone_1252,2,3,11,-3.0674176,7.560084
E7.5:injection6:clone_1253,2,3,11,-3.0165997,8.070341
E7.5:injection6:clone_1254,0,0,5,9.086902,7.3710976
E7.5:injection6:clone_1256,2,3,11,-2.2899976,6.8279924
E7.5:injection6:clone_1257,0,0,0,8.827776,8.370422
E7.5:injection6:clone_1259,3,2,4,14.073517,12.992922
E7.5:injection6:clone_1260,2,5,2,-3.6913552,5.1223483
E7.5:injection6:clone_1262,1,1,9,8.194361,2.7999535
E7.5:injection6:clone_1265,0,0,5,8.501817,7.1042504
E7.5:injection6:clone_1266,2,3,11,-4.016505,6.1579027
E7.5:injection6:clone_1267,2,3,11,-3.5494237,5.8988566
E7.5:injection6:clone_1268,2,3,12,-1.7640363,7.5418534
E7.5:injection6:clone_1271,3,2,4,13.488625,11.854193
E7.5:injection6:clone_1272,5,6,6,7.2467713,-0.50592417
E7.5:injection6:clone_1273,1,1,1,6.810051,4.3366094
E7.5:injection6:clone_1274,5,6,6,7.329722,-0.90068513
E7.5:injection6:clone_1275,2,5,2,-1.4138653,4.3455696
E7.5:injection6:clone_1276,2,5,2,-1.7704217,4.377423
E7.5:injection6:clone_1277,3,2,4,14.336778,13.029974
E7.5:injection6:clone_1279,1,9,10,10.013996,2.8473797
E7.5:injection6:clone_1281,9,13,20,-0.7032919,10.877065
E7.5:injection6:clone_1282,2,3,12,-0.759042,7.379217
E7.5:injection6:clone_1283,2,3,11,-3.125604,7.947688
E7.5:injection6:clone_1284,1,1,9,7.592767,2.1092176
E7.5:injection6:clone_1285,1,1,1,7.7476954,3.523524
E7.5:injection6:clone_1287,2,3,11,-3.5608518,7.137126
E7.5:injection6:clone_1288,2,5,2,-3.7702663,5.1012745
E7.5:injection6:clone_1289,2,3,12,-0.61823934,6.504688
E7.5:injection6:clone_1290,3,2,4,14.672249,12.389941
E7.5:injection6:clone_1295,8,11,17,-1.0263172,9.084374
E7.5:injection6:clone_1302,3,2,3,14.552508,9.856638
E7.5:injection6:clone_1303,1,1,9,7.0557227,2.3838773
E7.5:injection6:clone_1306,2,5,2,-2.9638495,5.646595
E7.5:injection6:clone_1309,2,5,2,-2.7559676,4.1888165
E7.5:injection6:clone_1315,0,0,5,8.015984,6.4896774
E7.5:injection6:clone_1317,8,11,17,-2.3393404,8.433329
E7.5:injection6:clone_1320,3,2,4,13.114892,12.993946
E7.5:injection6:clone_1321,0,0,0,6.378949,8.7491665
E7.5:injection6:clone_1323,1,1,1,8.227338,4.984569
E7.5:injection6:clone_1330,5,6,6,6.9942517,-0.5479022
E7.5:injection6:clone_1334,1,9,10,9.113928,3.3858755
E7.5:injection6:clone_1344,0,0,0,7.8893566,8.24161
E7.5:injection6:clone_1350,0,0,5,10.278146,8.414365
E7.5:injection6:clone_1351,8,11,17,-1.2748773,9.206872
E7.5:injection6:clone_1353,1,9,10,9.724976,2.6801405
E7.5:injection6:clone_1354,9,13,20,-0.5085766,10.855899
E7.5:injection6:clone_1355,1,1,9,6.0804462,3.4320667
E7.5:injection6:clone_1356,1,9,10,9.161346,3.883496
E7.5:injection6:clone_1357,1,9,10,9.634623,2.6577578
E7.5:injection6:clone_1361,2,5,2,-1.7021186,3.971945
E7.5:injection6:clone_1368,8,11,17,-0.95375174,8.948882
E7.5:injection6:clone_1373,1,9,10,9.775146,4.2961
E7.5:injection6:clone_1374,2,5,2,-3.260557,4.012296
E7.5:injection6:clone_1376,1,1,9,7.902157,2.0159426
E7.5:injection6:clone_1377,1,1,1,8.278309,4.3693786
E7.5:injection6:clone_1379,2,3,11,-3.2001402,7.766575
E7.5:injection6:clone_1381,3,2,3,15.167525,10.525784
E7.5:injection6:clone_1383,2,3,12,-1.0199094,8.081546
E7.5:injection6:clone_1385,8,11,17,-1.1977576,9.200559
E7.5:injection6:clone_1390,1,1,9,6.515082,2.4641974
E7.5:injection6:clone_1391,5,6,6,6.943719,-0.7554208
E7.5:injection6:clone_1395,1,1,9,7.480648,1.8457289
E7.5:injection6:clone_1396,2,3,11,-4.0172606,5.7735944
E7.5:injection6:clone_1403,0,0,5,8.094854,7.6860647
E7.5:injection6:clone_1408,8,11,17,-1.3290571,8.648533
E7.5:injection6:clone_1410,1,1,1,8.259318,3.9964209
E7.5:injection6:clone_1415,3,2,3,15.446947,11.479953
E7.5:injection6:clone_1427,1,9,10,9.052756,3.275299
E7.5:injection6:clone_1437,2,5,2,-3.0855715,4.039347
E7.5:injection6:clone_1444,0,0,14,7.571856,10.173285
E7.5:injection6:clone_1445,1,9,10,8.785335,5.174739
E7.5:injection6:clone_1458,4,4,8,10.654299,14.3506155
E7.5:injection6:clone_1468,5,6,6,7.8147845,-0.87039846
E7.5:injection6:clone_1487,0,0,5,10.034305,8.177089
E7.5:injection6:clone_1488,3,2,3,14.927354,10.285174
E7.5:injection6:clone_1490,3,4,8,11.942511,12.01344
E7.5:injection6:clone_1494,2,5,2,-2.6336107,5.1954393
E7.5:injection6:clone_1498,0,0,5,8.389213,7.4744363
E7.5:injection6:clone_1507,2,5,2,-2.58522,4.1761255
E7.5:injection6:clone_1516,2,3,11,-3.8747299,5.8477864
E7.5:injection6:clone_1518,0,0,5,9.812601,8.001139
E7.5:injection6:clone_1525,2,3,12,-0.3635704,7.246653
E7.5:injection6:clone_1526,1,9,10,9.698921,2.8277059
E7.5:injection6:clone_1538,2,3,12,-1.5629511,7.1469483
E7.5:injection6:clone_1561,2,3,12,-2.5061095,7.648301
E7.5:injection6:clone_229,0,0,5,9.497443,7.7513046
E7.5:injection6:clone_253,1,9,10,9.5254965,3.9831343
E7.5:injection6:clone_277,4,4,16,10.19594,12.309834
E7.5:injection6:clone_282,4,4,16,10.257698,12.383105
E7.5:injection6:clone_286,3,4,8,12.526745,13.323782
E7.5:injection6:clone_287,4,4,15,10.990078,10.686282
E7.5:injection6:clone_297,3,4,4,12.074873,11.489911
E7.5:injection6:clone_300,4,4,16,11.1334,10.956182
E7.5:injection6:clone_305,4,4,8,10.775213,12.681562
E7.5:injection6:clone_312,3,4,4,12.148976,11.844637
E7.5:injection6:clone_317,3,2,4,14.018856,12.044234
E7.5:injection6:clone_321,3,4,4,12.485078,11.42359
E7.5:injection6:clone_325,4,4,16,10.64415,12.18832
E7.5:injection6:clone_326,3,4,4,12.840868,11.080465
E7.5:injection6:clone_328,4,4,16,10.887372,11.005816
E7.5:injection6:clone_335,4,4,16,11.328497,11.00361
E7.5:injection6:clone_337,4,4,16,10.396421,11.375437
E7.5:injection6:clone_338,4,4,16,10.276806,11.935007
E7.5:injection6:clone_346,4,4,16,11.152846,11.278097
E7.5:injection6:clone_350,4,4,8,10.492944,12.8447485
E7.5:injection6:clone_354,3,2,4,14.758256,12.639233
E7.5:injection6:clone_372,3,2,4,14.376701,12.366776
E7.5:injection6:clone_373,4,4,8,10.3427105,12.832807
E7.5:injection6:clone_393,3,4,8,11.474806,12.379254
E7.5:injection6:clone_404,4,4,16,10.370245,11.7478485
E7.5:injection6:clone_405,3,2,3,14.863907,10.295279
E7.5:injection6:clone_410,4,4,8,10.673693,13.074008
E7.5:injection6:clone_414,3,4,8,12.211164,13.013924
E7.5:injection6:clone_423,4,4,16,10.53378,12.322972
E7.5:injection6:clone_432,4,4,16,10.39289,11.730279
E7.5:injection6:clone_438,4,4,16,10.370599,11.960433
E7.5:injection6:clone_439,4,4,8,10.911703,13.39832
E7.5:injection6:clone_441,4,4,16,10.22514,12.013575
E7.5:injection6:clone_443,3,2,3,15.263872,10.54799
E7.5:injection6:clone_447,4,4,8,11.413994,12.544123
E7.5:injection6:clone_448,4,4,16,10.870635,11.433405
E7.5:injection6:clone_458,4,4,8,11.206648,12.705492
E7.5:injection6:clone_459,4,4,8,10.548558,12.944357
E7.5:injection6:clone_463,3,4,8,12.577037,13.383747
E7.5:injection6:clone_465,3,4,4,12.224352,11.693748
E7.5:injection6:clone_466,4,4,8,10.884412,13.319139
E7.5:injection6:clone_471,4,4,8,10.903916,12.826131
E7.5:injection6:clone_475,3,4,8,12.153441,13.213998
E7.5:injection6:clone_477,5,12,19,5.5284185,0.65374
E7.5:injection6:clone_485,0,0,14,9.562313,9.962357
E7.5:injection6:clone_486,3,2,4,13.789956,12.752726
E7.5:injection6:clone_488,3,2,4,12.793117,12.038369
E7.5:injection6:clone_492,3,2,3,13.557762,11.077513
E7.5:injection6:clone_495,3,2,3,14.08459,10.923649
E7.5:injection6:clone_504,3,2,3,13.976758,11.387672
E7.5:injection6:clone_505,3,4,4,12.13646,11.422875
E7.5:injection6:clone_509,3,2,4,13.541352,11.60143
E7.5:injection6:clone_520,4,4,16,10.995755,11.130579
E7.5:injection6:clone_522,3,2,3,14.506483,10.563665
E7.5:injection6:clone_524,0,0,14,9.288277,9.822905
E7.5:injection6:clone_525,4,4,8,11.056465,12.859018
E7.5:injection6:clone_527,3,4,4,12.214105,11.8016815
E7.5:injection6:clone_532,3,4,8,11.807234,12.341
E7.5:injection6:clone_534,3,2,3,14.382902,11.061319
E7.5:injection6:clone_537,3,2,4,14.652871,11.866176
E7.5:injection6:clone_538,4,4,16,10.769671,11.434157
E7.5:injection6:clone_541,4,4,16,10.198004,11.831824
E7.5:injection6:clone_552,3,4,8,11.927153,13.059585
E7.5:injection6:clone_555,4,4,8,10.399991,13.251911
E7.5:injection6:clone_565,4,4,8,10.387337,12.671835
E7.5:injection6:clone_575,4,4,16,11.326101,11.330609
E7.5:injection6:clone_580,4,4,16,11.709802,10.9577
E7.5:injection6:clone_581,3,4,4,12.475624,11.540728
E7.5:injection6:clone_582,4,4,8,10.831987,14.062728
E7.5:injection6:clone_585,3,4,8,11.639607,12.560194
E7.5:injection6:clone_586,3,4,8,11.87319,12.207767
E7.5:injection6:clone_588,4,4,16,11.546854,11.096621
E7.5:injection6:clone_596,3,4,3,12.561886,10.596751
E7.5:injection6:clone_597,3,4,8,12.2122345,13.674447
E7.5:injection6:clone_598,0,0,14,8.817847,10.072712
E7.5:injection6:clone_604,1,1,1,7.566245,4.446929
E7.5:injection6:clone_608,4,4,8,10.726653,13.977044
E7.5:injection6:clone_609,3,2,4,13.551719,11.793396
E7.5:injection6:clone_613,3,4,8,12.4278965,13.440884
E7.5:injection6:clone_617,3,2,3,14.002924,10.861793
E7.5:injection6:clone_619,4,4,8,10.881721,14.130157
E7.5:injection6:clone_622,4,4,16,11.831286,10.699019
E7.5:injection6:clone_623,3,4,8,11.721307,12.856015
E7.5:injection6:clone_631,3,2,4,13.3633585,12.285162
E7.5:injection6:clone_633,4,4,16,10.12898,11.741549
E7.5:injection6:clone_645,3,4,4,12.533619,11.925577
E7.5:injection6:clone_646,0,0,5,9.585662,8.953082
E7.5:injection6:clone_649,0,0,14,9.325695,10.378348
E7.5:injection6:clone_651,0,0,14,9.272124,9.730262
E7.5:injection6:clone_653,1,1,1,7.1645336,5.6597543
E7.5:injection6:clone_654,3,2,3,15.648186,11.488018
E7.5:injection6:clone_655,0,0,5,9.464429,8.805212
E7.5:injection6:clone_656,2,3,12,-0.9199844,6.0757556
E7.5:injection6:clone_657,2,3,11,-3.4992511,6.761443
E7.5:injection6:clone_658,2,3,12,-1.504765,7.9385495
E7.5:injection6:clone_659,0,0,5,9.133408,7.6545067
E7.5:injection6:clone_660,3,2,3,15.041261,11.319927
E7.5:injection6:clone_661,2,3,2,-2.171669,5.7615137
E7.5:injection6:clone_662,0,0,0,7.127386,7.8108525
E7.5:injection6:clone_663,0,0,5,9.050472,7.5699744
E7.5:injection6:clone_664,0,0,0,8.334812,7.3979545
E7.5:injection6:clone_665,0,10,14,9.998562,9.663524
E7.5:injection6:clone_666,6,7,13,-2.8998582,0.048745584
E7.5:injection6:clone_667,1,1,1,7.479503,3.411155
E7.5:injection6:clone_668,0,0,0,6.487459,7.8478007
E7.5:injection6:clone_669,1,9,10,9.452265,4.8640833
E7.5:injection6:clone_670,0,0,0,6.981118,7.1988115
E7.5:injection6:clone_671,1,1,1,7.304683,3.074181
E7.5:injection6:clone_672,0,0,0,6.3752947,8.019467
E7.5:injection6:clone_673,1,1,1,6.7995653,3.6061916
E7.5:injection6:clone_674,3,2,4,14.394913,12.915845
E7.5:injection6:clone_675,1,9,10,8.97602,5.7861376
E7.5:injection6:clone_676,4,4,8,10.677259,14.269846
E7.5:injection6:clone_677,1,1,1,7.700745,2.877755
E7.5:injection6:clone_678,8,11,17,-1.3673512,9.298079
E7.5:injection6:clone_679,1,1,9,6.6606674,2.8601708
E7.5:injection6:clone_680,1,1,9,6.608102,2.2400463
E7.5:injection6:clone_681,0,0,0,7.7955112,8.7207775
E7.5:injection6:clone_682,3,2,4,14.67613,12.624283
E7.5:injection6:clone_683,0,0,14,8.073832,10.1450615
E7.5:injection6:clone_684,1,1,1,7.2437468,5.2483697
E7.5:injection6:clone_685,0,0,0,6.522256,8.343852
E7.5:injection6:clone_686,0,0,5,9.345824,7.3325386
E7.5:injection6:clone_687,0,0,5,8.927846,7.6209283
E7.5:injection6:clone_688,0,0,0,7.699388,8.077808
E7.5:injection6:clone_689,5,6,6,7.7053857,-0.667144
E7.5:injection6:clone_690,0,0,0,7.0018167,8.963806
E7.5:injection6:clone_691,8,11,17,-1.779177,8.983805
E7.5:injection6:clone_692,1,1,1,7.627901,3.1380641
E7.5:injection6:clone_693,2,3,12,-1.1395037,6.7503834
E7.5:injection6:clone_694,0,0,14,8.621154,9.805365
E7.5:injection6:clone_695,1,1,1,7.3367233,3.0624185
E7.5:injection6:clone_696,1,1,9,6.2968473,2.5312178
E7.5:injection6:clone_698,2,3,11,-2.9378588,6.2259426
E7.5:injection6:clone_699,0,0,0,7.0000367,7.4906783
E7.5:injection6:clone_701,2,3,12,-1.7989436,7.986285
E7.5:injection6:clone_702,0,0,0,6.3304057,8.828871
E7.5:injection6:clone_704,0,0,0,8.599193,7.7106533
E7.5:injection6:clone_705,0,0,14,7.8391347,10.065113
E7.5:injection6:clone_706,0,0,14,9.403894,10.097672
E7.5:injection6:clone_707,1,1,1,8.181963,4.8896284
E7.5:injection6:clone_708,0,0,0,6.5609303,8.67521
E7.5:injection6:clone_709,1,3,2,8.26998,5.1657133
E7.5:injection6:clone_710,3,2,4,13.729543,12.27909
E7.5:injection6:clone_711,0,0,14,8.769537,9.308924
E7.5:injection6:clone_712,0,0,5,8.492764,8.163165
E7.5:injection6:clone_714,1,1,1,7.0771704,5.291274
E7.5:injection6:clone_716,3,2,3,15.588951,11.746745
E7.5:injection6:clone_717,2,3,12,-0.7202491,7.4764605
E7.5:injection6:clone_718,3,2,3,15.159752,11.491233
E7.5:injection6:clone_719,3,2,4,14.17616,11.668931
E7.5:injection6:clone_720,0,0,0,7.7665777,8.237778
E7.5:injection6:clone_721,1,1,1,7.709973,2.9011693
E7.5:injection6:clone_722,3,2,4,13.656179,12.439141
E7.5:injection6:clone_723,0,0,0,6.808773,7.481593
E7.5:injection6:clone_724,1,1,1,8.061313,5.575118
E7.5:injection6:clone_725,0,0,5,9.086383,8.189865
E7.5:injection6:clone_726,2,5,2,-2.7963264,4.696154
E7.5:injection6:clone_727,0,0,5,9.560274,8.884662
E7.5:injection6:clone_728,0,0,0,7.9031343,8.87359
E7.5:injection6:clone_729,2,3,12,-0.8258038,8.188324
E7.5:injection6:clone_730,4,4,8,10.876823,14.004113
E7.5:injection6:clone_731,3,2,3,13.769365,11.473057
E7.5:injection6:clone_732,3,2,3,15.219772,10.693694
E7.5:injection6:clone_733,1,1,1,7.552406,5.3990884
E7.5:injection6:clone_734,5,6,6,7.5820417,-0.64051527
E7.5:injection6:clone_735,0,0,0,7.0234976,7.747212
E7.5:injection6:clone_736,1,1,1,8.158475,5.105535
E7.5:injection6:clone_737,0,0,0,6.3918304,8.572687
E7.5:injection6:clone_738,1,1,1,7.3179517,4.829828
E7.5:injection6:clone_739,0,0,5,9.378913,9.299312
E7.5:injection6:clone_740,8,11,17,-1.311143,8.95469
E7.5:injection6:clone_741,2,5,2,-1.5108469,4.9960394
E7.5:injection6:clone_742,1,1,1,7.4542685,4.807135
E7.5:injection6:clone_743,2,5,2,-1.9764314,3.615315
E7.5:injection6:clone_744,1,1,1,7.9279857,5.439375
E7.5:injection6:clone_745,2,3,12,-1.5261896,6.993621
E7.5:injection6:clone_746,2,5,2,-1.650727,3.661146
E7.5:injection6:clone_747,1,1,1,6.764915,4.730745
E7.5:injection6:clone_748,0,0,0,6.7931914,8.010366
E7.5:injection6:clone_749,2,3,12,-1.1578803,6.203164
E7.5:injection6:clone_751,0,0,0,7.323303,8.023243
E7.5:injection6:clone_752,0,0,5,8.879064,8.143073
E7.5:injection6:clone_753,0,0,0,6.7445807,8.843661
E7.5:injection6:clone_754,0,0,5,9.441257,9.998633
E7.5:injection6:clone_755,0,0,5,9.610894,8.123432
E7.5:injection6:clone_756,1,1,1,7.6769667,5.852613
E7.5:injection6:clone_757,3,2,4,14.367817,12.957498
E7.5:injection6:clone_758,2,3,12,-0.64708173,6.4520926
E7.5:injection6:clone_759,0,0,14,8.929007,9.558682
E7.5:injection6:clone_760,2,5,2,-2.144973,3.5426993
E7.5:injection6:clone_761,0,0,5,8.532881,7.375071
E7.5:injection6:clone_762,0,0,5,9.524013,9.367053
E7.5:injection6:clone_763,0,0,0,6.9120255,8.666985
E7.5:injection6:clone_764,2,3,12,-0.88872033,7.8013783
E7.5:injection6:clone_765,0,0,0,8.157812,6.7682085
E7.5:injection6:clone_766,0,0,0,6.71928,7.986958
E7.5:injection6:clone_767,1,9,10,9.371166,2.4605865
E7.5:injection6:clone_769,0,0,0,7.8768916,7.115264
E7.5:injection6:clone_770,1,1,1,7.342801,3.2231655
E7.5:injection6:clone_771,3,6,3,15.699367,10.840712
E7.5:injection6:clone_772,0,0,5,9.089966,8.895532
E7.5:injection6:clone_774,2,5,2,-1.9886408,4.511469
E7.5:injection6:clone_775,0,0,5,8.625774,8.439752
E7.5:injection6:clone_776,3,2,4,13.122473,11.763995
E7.5:injection6:clone_777,2,5,2,-2.1163938,5.0832443
E7.5:injection6:clone_778,0,0,0,7.502226,7.3284163
E7.5:injection6:clone_779,0,0,0,7.761336,9.136995
E7.5:injection6:clone_780,1,1,1,7.833742,2.8121128
E7.5:injection6:clone_781,3,2,3,15.459228,11.81912
E7.5:injection6:clone_782,0,0,5,9.087626,8.54064
E7.5:injection6:clone_783,0,0,0,8.19164,7.0818343
E7.5:injection6:clone_784,0,0,0,8.493671,7.3072953
E7.5:injection6:clone_785,5,6,6,7.8560157,-0.7542427
E7.5:injection6:clone_786,0,0,5,9.24757,8.535436
E7.5:injection6:clone_787,1,1,9,6.346589,3.4454687
E7.5:injection6:clone_788,3,2,4,14.316792,12.14705
E7.5:injection6:clone_789,0,0,14,9.37648,10.052995
E7.5:injection6:clone_790,0,0,0,7.1087117,7.297542
E7.5:injection6:clone_791,3,2,3,13.922227,10.0461645
E7.5:injection6:clone_792,0,0,0,7.686949,6.858993
E7.5:injection6:clone_793,3,2,4,13.242274,12.813503
E7.5:injection6:clone_794,0,0,0,8.038291,7.8787465
E7.5:injection6:clone_797,0,0,5,9.197648,7.044332
E7.5:injection6:clone_798,2,3,12,-1.5793618,7.6037064
E7.5:injection6:clone_801,1,1,1,6.9166355,5.5114126
E7.5:injection6:clone_802,0,0,14,8.087869,10.372275
E7.5:injection6:clone_803,2,5,2,-2.2904763,4.576735
E7.5:injection6:clone_804,0,0,0,6.473548,8.080169
E7.5:injection6:clone_805,3,2,3,14.033896,10.6166115
E7.5:injection6:clone_807,1,9,10,8.428232,5.754258
E7.5:injection6:clone_808,3,2,3,14.519979,10.292231
E7.5:injection6:clone_809,0,0,5,9.025712,7.481585
E7.5:injection6:clone_810,2,3,11,-2.2027776,6.4150686
E7.5:injection6:clone_811,0,0,5,9.556517,7.30416
E7.5:injection6:clone_812,1,1,1,6.6832757,4.668539
E7.5:injection6:clone_813,2,5,2,-1.4249463,4.3628345
E7.5:injection6:clone_814,1,1,1,6.707464,4.01711
E7.5:injection6:clone_815,1,1,1,7.259375,5.6707025
E7.5:injection6:clone_816,0,0,5,9.576591,8.916007
E7.5:injection6:clone_817,1,1,1,7.4165535,5.7287493
E7.5:injection6:clone_819,1,1,9,6.4915323,2.8104467
E7.5:injection6:clone_820,0,0,5,9.366914,8.379397
E7.5:injection6:clone_821,3,2,4,13.497158,12.038896
E7.5:injection6:clone_822,3,2,3,13.427236,10.926531
E7.5:injection6:clone_823,3,2,4,13.833704,13.081367
E7.5:injection6:clone_825,2,3,12,-0.7188056,6.558056
E7.5:injection6:clone_826,0,0,14,9.078163,9.2723
E7.5:injection6:clone_827,1,9,10,8.9562,4.984238
E7.5:injection6:clone_828,5,6,6,7.203704,-0.70003927
E7.5:injection6:clone_829,1,1,9,6.4347134,3.538877
E7.5:injection6:clone_831,1,1,9,6.651146,2.5461605
E7.5:injection6:clone_832,1,1,1,7.181074,5.8390393
E7.5:injection6:clone_833,0,0,5,9.018761,8.70432
E7.5:injection6:clone_834,0,0,0,7.1857686,8.183386
E7.5:injection6:clone_835,0,0,0,8.428995,8.867202
E7.5:injection6:clone_836,3,2,4,14.0036955,12.01251
E7.5:injection6:clone_837,1,9,10,9.906928,3.543811
E7.5:injection6:clone_838,1,1,9,6.80809,2.4803658
E7.5:injection6:clone_839,2,5,2,-1.4368231,3.8878362
E7.5:injection6:clone_840,0,0,0,7.1471844,7.7931075
E7.5:injection6:clone_841,5,12,19,4.922083,0.42971277
E7.5:injection6:clone_842,1,1,9,6.174631,2.9507046
E7.5:injection6:clone_843,2,5,2,-3.2013848,4.136625
E7.5:injection6:clone_844,4,4,8,10.799599,14.446824
E7.5:injection6:clone_846,0,0,0,7.0249443,8.037873
E7.5:injection6:clone_847,1,1,1,6.867326,4.9073114
E7.5:injection6:clone_848,2,3,11,-3.7457042,6.040896
E7.5:injection6:clone_849,0,0,14,9.250386,10.07191
E7.5:injection6:clone_850,1,1,9,6.0113373,3.265231
E7.5:injection6:clone_851,4,4,8,10.779721,13.640666
E7.5:injection6:clone_852,2,3,11,-2.1724536,7.146898
E7.5:injection6:clone_853,5,6,6,7.432669,-0.7196878
E7.5:injection6:clone_854,9,13,20,-0.63163996,10.934639
E7.5:injection6:clone_855,0,0,5,8.801002,8.314867
E7.5:injection6:clone_856,2,5,2,-3.308462,4.9612517
E7.5:injection6:clone_857,2,3,12,-0.929506,7.1879735
E7.5:injection6:clone_858,2,3,11,-3.7121913,6.146019
E7.5:injection6:clone_859,0,0,14,8.75752,10.5465765
E7.5:injection6:clone_860,0,0,0,7.8217115,6.8984447
E7.5:injection6:clone_861,0,0,5,9.413822,9.433056
E7.5:injection6:clone_862,3,2,4,13.294527,12.4078865
E7.5:injection6:clone_863,1,1,1,6.678194,5.0848794
E7.5:injection6:clone_864,9,13,20,-0.73472476,10.77211
E7.5:injection6:clone_865,2,5,2,-1.5822691,3.690472
E7.5:injection6:clone_866,0,0,14,7.8092227,10.087908
E7.5:injection6:clone_867,1,1,1,7.388506,3.3374496
E7.5:injection6:clone_868,4,4,8,10.500828,14.3249855
E7.5:injection6:clone_869,2,3,12,-1.8939866,7.4903903
E7.5:injection6:clone_870,3,2,4,13.651969,11.963263
E7.5:injection6:clone_871,8,11,17,-1.1380482,9.437775
E7.5:injection6:clone_872,1,1,9,7.08882,2.6291075
E7.5:injection6:clone_873,1,9,10,9.596696,4.4091697
E7.5:injection6:clone_874,2,5,2,-2.4666312,4.015539
E7.5:injection6:clone_875,5,6,6,7.820746,-0.5702133
E7.5:injection6:clone_877,1,1,1,8.355135,5.160644
E7.5:injection6:clone_878,3,2,3,13.7225485,10.563204
E7.5:injection6:clone_879,3,2,3,15.124715,10.237614
E7.5:injection6:clone_880,0,0,5,9.495292,9.33566
E7.5:injection6:clone_881,3,2,4,13.448498,12.565079
E7.5:injection6:clone_882,1,9,10,8.756449,5.5535674
E7.5:injection6:clone_883,1,1,1,7.2573156,4.517135
E7.5:injection6:clone_884,1,1,9,6.9799447,2.261513
E7.5:injection6:clone_885,1,9,10,9.758499,3.2953603
E7.5:injection6:clone_886,0,0,5,9.868163,8.531721
E7.5:injection6:clone_887,1,1,9,6.7871175,2.5428112
E7.5:injection6:clone_888,0,0,0,7.390836,7.19412
E7.5:injection6:clone_889,2,5,2,-3.0844464,4.483533
E7.5:injection6:clone_891,2,5,2,-3.1058278,4.329595
E7.5:injection6:clone_892,1,1,9,6.584194,2.1327662
E7.5:injection6:clone_893,3,2,3,15.070101,11.111257
E7.5:injection6:clone_894,0,0,0,7.6594276,7.036888
E7.5:injection6:clone_895,2,3,12,-0.6733369,7.6702743
E7.5:injection6:clone_896,1,1,9,7.8017325,1.5334436
E7.5:injection6:clone_897,6,7,13,-3.1089408,-0.386777
E7.5:injection6:clone_898,0,0,5,8.566216,6.5600376
E7.5:injection6:clone_899,1,1,9,6.49507,2.8830247
E7.5:injection6:clone_900,0,0,5,8.575614,8.653105
E7.5:injection6:clone_902,0,0,0,7.621,8.4789505
E7.5:injection6:clone_903,0,0,5,9.20888,8.27551
E7.5:injection6:clone_904,3,2,3,14.96629,10.540902
E7.5:injection6:clone_905,1,1,9,7.9952955,3.2135694
E7.5:injection6:clone_906,2,3,2,-1.3867526,5.398109
E7.5:injection6:clone_907,0,0,0,7.0163393,8.537034
E7.5:injection6:clone_908,0,0,14,8.580023,9.343737
E7.5:injection6:clone_909,2,5,2,-1.9681925,3.855591
E7.5:injection6:clone_910,1,1,1,6.7910676,3.600931
E7.5:injection6:clone_912,5,6,6,7.471607,-0.86067295
E7.5:injection6:clone_913,5,6,6,6.901036,-0.43601903
E7.5:injection6:clone_914,2,3,12,-0.6536024,7.401061
E7.5:injection6:clone_915,1,9,10,9.479561,4.780501
E7.5:injection6:clone_916,0,0,0,8.20861,7.122468
E7.5:injection6:clone_917,2,3,11,-3.1920125,6.781105
E7.5:injection6:clone_918,0,0,0,8.154934,8.6327
E7.5:injection6:clone_919,0,0,0,8.256165,6.8060274
E7.5:injection6:clone_920,2,3,11,-3.8905582,6.291575
E7.5:injection6:clone_922,2,5,2,-3.4957156,4.1220784
E7.5:injection6:clone_923,1,1,1,7.523334,4.6267953
E7.5:injection6:clone_924,1,1,9,6.5117826,2.2923625
E7.5:injection6:clone_925,3,2,4,14.422303,11.956252
E7.5:injection6:clone_927,1,9,10,9.431166,5.3301067
E7.5:injection6:clone_928,3,2,4,14.968404,12.2935295
E7.5:injection6:clone_929,3,2,4,14.07995,12.613935
E7.5:injection6:clone_930,1,1,1,7.4247446,4.474758
E7.5:injection6:clone_932,1,9,10,9.588304,4.361342
E7.5:injection6:clone_933,3,2,3,14.893037,10.0261345
E7.5:injection6:clone_934,2,3,12,-1.9753407,7.8104057
E7.5:injection6:clone_935,1,1,1,7.8482037,3.6155875
E7.5:injection6:clone_936,2,5,2,-3.6930585,4.8330903
E7.5:injection6:clone_937,1,1,1,7.6992645,3.3187065
E7.5:injection6:clone_938,1,1,9,7.567649,2.4246805
E7.5:injection6:clone_939,2,3,11,-3.7417276,7.0214276
E7.5:injection6:clone_941,1,1,1,6.978228,3.6995828
E7.5:injection6:clone_942,3,2,3,14.250008,10.463689
E7.5:injection6:clone_943,5,6,6,6.722787,-0.42353216
E7.5:injection6:clone_944,1,1,1,7.9169774,4.681876
E7.5:injection6:clone_945,1,9,10,9.017218,5.0725555
E7.5:injection6:clone_946,1,1,1,7.269194,3.6545835
E7.5:injection6:clone_947,2,3,12,-0.8733457,7.997203
E7.5:injection6:clone_948,1,1,9,7.341985,2.605993
E7.5:injection6:clone_949,2,5,2,-2.2254932,3.6123056
E7.5:injection6:clone_950,1,0,0,8.119746,6.1389513
E7.5:injection6:clone_951,0,0,0,7.1583114,8.4587965
E7.5:injection6:clone_952,1,1,9,7.243835,2.8570428
E7.5:injection6:clone_953,0,0,0,6.6212053,8.33495
E7.5:injection6:clone_954,1,9,10,8.954814,5.092486
E7.5:injection6:clone_955,0,0,0,6.8930902,8.66777
E7.5:injection6:clone_956,4,4,8,10.713278,14.462387
E7.5:injection6:clone_957,1,9,10,8.858361,3.3978686
E7.5:injection6:clone_958,0,0,0,8.138663,6.7221937
E7.5:injection6:clone_959,5,12,19,5.1376886,0.42994344
E7.5:injection6:clone_961,3,2,3,15.779488,11.588462
E7.5:injection6:clone_965,2,5,2,-3.1214051,5.2141314
E7.5:injection6:clone_966,0,0,5,8.611538,8.799025
E7.5:injection6:clone_968,1,1,9,7.4118605,2.3509169
E7.5:injection6:clone_969,8,11,17,-2.107109,8.644721
E7.5:injection6:clone_970,2,5,2,-1.1734314,4.408788
E7.5:injection6:clone_971,8,11,17,-1.9278867,9.095165
E7.5:injection6:clone_972,5,6,6,7.853448,-1.2820802
E7.5:injection6:clone_973,2,5,2,-2.9236538,3.9430869
E7.5:injection6:clone_974,1,1,1,7.33905,3.6692305
E7.5:injection6:clone_975,2,3,12,-0.79372466,6.88831
E7.5:injection6:clone_976,1,1,9,8.512126,3.1918466
E7.5:injection6:clone_977,0,0,5,9.431826,8.070859
E7.5:injection6:clone_978,1,1,1,7.8916945,4.208709
E7.5:injection6:clone_979,9,13,20,-0.5550712,10.998089
E7.5:injection6:clone_980,1,1,9,8.111187,2.5312276
E7.5:injection6:clone_981,0,0,0,6.8045335,7.6381645
E7.5:injection6:clone_982,0,0,0,8.008223,6.121177
E7.5:injection6:clone_983,1,1,1,7.7410183,4.898689
E7.5:injection6:clone_984,2,3,11,-2.9588928,7.477153
E7.5:injection6:clone_985,6,7,13,-2.5862687,0.08098703
E7.5:injection6:clone_986,0,0,5,9.312358,7.1198273
E7.5:injection6:clone_988,2,5,2,-2.7567024,4.2382503
E7.5:injection6:clone_990,3,2,3,15.589162,11.517909
E7.5:injection6:clone_991,2,5,2,-2.6406531,4.3629723
E7.5:injection6:clone_992,1,1,1,7.1873736,4.4028625
E7.5:injection6:clone_993,2,5,2,-1.3448436,3.8442025
E7.5:injection6:clone_994,5,6,6,7.2141814,0.2794237
E7.5:injection6:clone_995,1,1,1,6.828027,4.513684
E8.5:injection1:clone_10,6,7,13,-1.4408903,-1.0289657
E8.5:injection1:clone_103,3,2,4,14.551607,12.478007
E8.5:injection1:clone_105,6,7,13,-2.2256975,-0.67236173
E8.5:injection1:clone_11,3,2,3,15.054667,11.457635
E8.5:injection1:clone_111,6,7,13,-2.2246027,-0.3182554
E8.5:injection1:clone_126,1,1,1,6.64735,4.214394
E8.5:injection1:clone_15,6,7,13,-2.3269765,-0.004482895
E8.5:injection1:clone_154,6,7,13,-3.2558274,-0.6170376
E8.5:injection1:clone_16,6,7,13,-2.670344,-0.6737258
E8.5:injection1:clone_160,3,4,8,12.236373,12.303015
E8.5:injection1:clone_164,3,4,4,12.301736,10.707995
E8.5:injection1:clone_18,6,7,13,-2.3873923,-0.4920579
E8.5:injection1:clone_23,6,7,13,-2.8242085,-0.15390933
E8.5:injection1:clone_28,0,4,14,10.601708,10.158492
E8.5:injection1:clone_30,3,2,3,14.980532,11.571113
E8.5:injection1:clone_36,6,7,13,-1.7739801,-0.8083466
E8.5:injection1:clone_37,6,7,13,-1.596955,-0.9206346
E8.5:injection1:clone_38,0,0,0,8.046739,8.681874
E8.5:injection1:clone_4,6,7,13,-2.1948164,-0.86603516
E8.5:injection1:clone_40,6,7,13,-2.115559,-0.17706509
E8.5:injection1:clone_43,1,1,1,7.4048414,3.575773
E8.5:injection1:clone_48,6,7,18,-0.62180847,-1.1251653
E8.5:injection1:clone_49,4,4,8,11.293758,13.426095
E8.5:injection1:clone_50,6,7,13,-2.2416642,-0.35152647
E8.5:injection1:clone_52,3,4,8,11.8127985,12.90576
E8.5:injection1:clone_53,6,7,13,-2.5004172,0.1891326
E8.5:injection1:clone_54,1,1,1,6.809103,4.5239215
E8.5:injection1:clone_55,3,2,3,15.383469,12.082236
E8.5:injection1:clone_57,3,2,4,14.543121,12.678882
E8.5:injection1:clone_6,6,7,13,-1.8431581,-0.68735427
E8.5:injection1:clone_64,6,7,13,-2.0438871,-0.50330526
E8.5:injection1:clone_7,3,2,3,14.470142,11.435288
E8.5:injection1:clone_70,6,7,13,-2.2798808,0.018135432
E8.5:injection1:clone_75,6,7,18,-1.1114442,-1.2470888
E8.5:injection1:clone_79,6,7,13,-2.9119322,-0.9073424
E8.5:injection1:clone_8,1,1,1,7.1547937,3.89465
E8.5:injection1:clone_80,6,7,13,-1.9239066,0.9823591
E8.5:injection1:clone_85,4,4,16,10.953372,11.693063
E8.5:injection1:clone_9,3,2,3,13.350582,9.605945
E8.5:injection1:clone_96,6,7,13,-1.8558879,-0.52164245
E8.5:injection2:clone_100,5,6,6,7.551066,-1.6097277
E8.5:injection2:clone_101,3,2,3,13.555136,10.895592
E8.5:injection2:clone_106,2,3,2,-1.8117098,5.193127
E8.5:injection2:clone_107,3,2,4,15.02235,12.569644
E8.5:injection2:clone_108,4,10,15,11.067743,9.512875
E8.5:injection2:clone_110,4,4,16,11.581462,10.885288
E8.5:injection2:clone_119,3,4,8,12.038781,12.373421
E8.5:injection2:clone_12,4,10,15,10.663637,8.8356695
E8.5:injection2:clone_122,4,10,15,10.554253,8.65484
E8.5:injection2:clone_123,2,3,12,-1.1923631,6.600751
E8.5:injection2:clone_124,8,11,17,-1.9770437,9.579407
E8.5:injection2:clone_127,3,2,3,13.259968,10.342548
E8.5:injection2:clone_128,3,2,3,13.724589,10.305009
E8.5:injection2:clone_132,5,6,6,6.3379335,-1.1670628
E8.5:injection2:clone_145,5,6,6,5.900402,-1.1893244
E8.5:injection2:clone_146,5,6,6,6.246806,-1.5224084
E8.5:injection2:clone_148,5,6,6,6.6345134,-1.276694
E8.5:injection2:clone_153,2,3,11,-2.6038585,6.5937524
E8.5:injection2:clone_155,5,6,6,6.5374417,-1.1470594
E8.5:injection2:clone_16,5,6,6,7.466601,-0.5420022
E8.5:injection2:clone_160,4,10,15,10.345416,9.037978
E8.5:injection2:clone_164,2,5,2,-2.7479613,4.629385
E8.5:injection2:clone_166,3,2,3,13.709372,10.741442
E8.5:injection2:clone_168,2,3,12,-1.216729,6.3074985
E8.5:injection2:clone_169,5,6,6,6.526754,-0.7696843
E8.5:injection2:clone_170,6,7,13,-3.2427084,-0.4248054
E8.5:injection2:clone_171,8,11,17,-1.7443148,9.69669
E8.5:injection2:clone_172,5,6,6,8.033259,-1.3454118
E8.5:injection2:clone_182,5,6,6,6.31096,-0.9555317
E8.5:injection2:clone_183,8,11,17,-1.4454876,8.89236
E8.5:injection2:clone_191,5,6,6,6.7645454,-1.0893159
E8.5:injection2:clone_193,4,4,16,11.799929,10.9019
E8.5:injection2:clone_194,5,6,6,7.962532,-1.161236
E8.5:injection2:clone_195,6,7,13,-2.9529226,-0.36420506
E8.5:injection2:clone_197,6,7,13,-2.671612,-0.060086053
E8.5:injection2:clone_2,5,6,6,6.2771883,-0.9474485
E8.5:injection2:clone_20,4,4,8,10.749562,14.334859
E8.5:injection2:clone_200,3,4,4,12.856511,10.932437
E8.5:injection2:clone_203,1,1,9,7.5542,1.3040017
E8.5:injection2:clone_207,2,3,12,-1.4435736,6.2118897
E8.5:injection2:clone_22,3,4,8,12.391076,12.785287
E8.5:injection2:clone_220,5,6,6,7.6123385,-1.4223012
E8.5:injection2:clone_222,3,2,3,13.932608,10.6785555
E8.5:injection2:clone_238,6,7,13,-2.1186655,-0.15351649
E8.5:injection2:clone_242,1,1,1,7.021914,4.726694
E8.5:injection2:clone_245,5,6,6,6.7958984,-1.5619093
E8.5:injection2:clone_248,2,3,2,-1.6595709,5.4811788
E8.5:injection2:clone_249,6,7,13,-2.240871,0.20494275
E8.5:injection2:clone_250,8,11,17,-1.7258095,9.669278
E8.5:injection2:clone_252,5,12,19,5.220847,0.6464514
E8.5:injection2:clone_258,1,7,9,6.75896,2.2396133
E8.5:injection2:clone_260,6,7,18,-0.7066224,-1.1130387
E8.5:injection2:clone_261,3,2,4,14.557479,12.757805
E8.5:injection2:clone_265,6,7,13,-2.1324732,0.73504186
E8.5:injection2:clone_268,6,7,13,-1.9981605,0.72836256
E8.5:injection2:clone_28,3,4,4,12.169022,11.066559
E8.5:injection2:clone_281,6,7,13,-3.0386484,-0.4391445
E8.5:injection2:clone_287,6,7,13,-1.7966219,0.8395758
E8.5:injection2:clone_289,5,6,6,7.3979783,-0.43275857
E8.5:injection2:clone_295,6,7,13,-2.019183,0.7419863
E8.5:injection2:clone_299,6,7,18,-0.530899,-1.0278662
E8.5:injection2:clone_30,1,1,1,6.9782667,3.4232082
E8.5:injection2:clone_306,6,7,13,-2.756536,-0.73901135
E8.5:injection2:clone_311,1,1,1,7.4120555,4.17671
E8.5:injection2:clone_32,1,1,1,6.8449154,5.5034857
E8.5:injection2:clone_323,6,7,18,-0.8335857,-0.99174947
E8.5:injection2:clone_344,4,10,15,10.343481,9.387893
E8.5:injection2:clone_347,6,7,18,-0.8667173,-1.1277813
E8.5:injection2:clone_35,6,7,18,-0.7513977,-1.3259991
E8.5:injection2:clone_357,6,7,13,-2.981567,-0.30333096
E8.5:injection2:clone_359,4,10,15,10.897304,9.665161
E8.5:injection2:clone_362,4,10,15,10.759985,9.369306
E8.5:injection2:clone_363,6,7,13,-1.9149328,0.974741
E8.5:injection2:clone_375,6,7,13,-3.0295358,-0.3823237
E8.5:injection2:clone_381,3,2,4,13.944758,11.582899
E8.5:injection2:clone_39,3,2,3,13.993753,9.782788
E8.5:injection2:clone_405,3,2,3,14.240057,10.1093855
E8.5:injection2:clone_406,1,9,10,9.211298,2.859571
E8.5:injection2:clone_407,3,2,3,14.215624,10.897892
E8.5:injection2:clone_412,5,6,6,7.050238,-0.32787898
E8.5:injection2:clone_427,2,3,11,-2.871248,6.8504634
E8.5:injection2:clone_45,3,6,3,15.640426,10.491428
E8.5:injection2:clone_469,2,3,12,-1.2521982,6.0079103
E8.5:injection2:clone_48,3,4,8,12.783967,13.293504
E8.5:injection2:clone_492,8,11,17,-1.8248844,9.442467
E8.5:injection2:clone_494,6,7,18,-0.67452365,-1.204533
E8.5:injection2:clone_52,5,12,19,5.0601897,0.52318734
E8.5:injection2:clone_53,8,11,17,-1.7080822,9.673168
E8.5:injection2:clone_539,5,6,6,5.699035,-1.0199832
E8.5:injection2:clone_55,2,3,11,-2.5309877,7.1734796
E8.5:injection2:clone_58,3,2,3,14.8845005,11.465693
E8.5:injection2:clone_59,3,2,3,13.219928,10.287967
E8.5:injection2:clone_6,5,6,6,6.1376557,-0.9618104
E8.5:injection2:clone_602,4,4,16,11.591562,10.741248
E8.5:injection2:clone_624,1,1,9,7.794247,2.2733524
E8.5:injection2:clone_63,3,2,3,13.698539,10.159532
E8.5:injection2:clone_635,6,7,18,-0.92120653,-1.2187582
E8.5:injection2:clone_65,4,10,15,11.047097,9.17561
E8.5:injection2:clone_67,4,10,15,10.689097,9.329324
E8.5:injection2:clone_69,4,4,8,11.092436,13.282301
E8.5:injection2:clone_7,3,4,4,12.66281,11.027471
E8.5:injection2:clone_74,3,2,3,13.620935,10.456678
E8.5:injection2:clone_75,5,6,6,6.1971126,-1.4004742
E8.5:injection2:clone_76,8,11,17,-1.7163095,9.674543
E8.5:injection2:clone_80,4,4,16,11.51526,10.713597
E8.5:injection2:clone_82,5,6,6,6.279222,-1.1114073
E8.5:injection2:clone_85,6,7,13,-2.740367,-0.51842904
E8.5:injection2:clone_86,4,10,15,10.931693,8.281343
E8.5:injection2:clone_92,5,12,19,4.9015665,0.38800085
E8.5:injection2:clone_94,6,7,13,-2.5994258,-0.62362313
E8.5:injection2:clone_98,4,10,15,10.794317,9.147851
E8.5:injection5:clone_136,7,8,7,13.8677225,7.11042
E8.5:injection5:clone_158,7,8,7,14.232564,6.4154153
E8.5:injection5:clone_2164,5,6,6,7.3597984,-0.4303101
E8.5:injection5:clone_2179,1,1,9,7.3018064,2.1363082
E8.5:injection5:clone_2183,6,7,13,-2.0110033,0.116265275
E8.5:injection5:clone_2204,6,7,18,-1.1060206,-1.0559275
E8.5:injection5:clone_2221,6,7,13,-2.072269,-0.7284397
E8.5:injection5:clone_2235,5,6,6,7.41318,-0.34173682
E8.5:injection5:clone_2239,5,12,19,4.9762034,0.59638196
E8.5:injection5:clone_28,7,8,7,14.027559,7.13184
E8.5:injection5:clone_29,7,8,7,13.758597,6.7879224
E8.5:injection5:clone_32,7,8,7,14.378556,6.7820935
E8.5:injection5:clone_35,7,8,7,13.068733,6.780501
E8.5:injection5:clone_367,7,8,7,14.437149,6.424119
E8.5:injection5:clone_60,7,8,7,13.384078,6.524509
E8.5:injection5:clone_7,7,8,7,14.594585,6.572183
E8.5:injection5:clone_95,6,7,18,-0.7389901,-1.1467149
E8.5:injection6:clone_140,2,5,2,-1.3712704,4.1666765
E8.5:injection6:clone_212,3,4,8,11.771676,12.261244
E8.5:injection6:clone_285,4,4,8,10.828984,13.257609
E8.5:injection6:clone_453,2,3,11,-2.4470568,6.4643927
E8.5:injection6:clone_455,3,2,3,15.372229,11.331538
E8.5:injection6:clone_456,2,3,12,-0.8497983,7.467424
E8.5:injection6:clone_457,2,3,2,-1.654256,5.6038957
E8.5:injection6:clone_458,3,4,8,12.551404,13.020158
E8.5:injection6:clone_459,3,2,3,13.807576,10.3671055
E8.5:injection6:clone_460,2,5,2,-2.470683,4.7519064
E8.5:injection6:clone_461,2,3,12,-1.4012504,7.2829437
E8.5:injection6:clone_462,3,2,3,13.71618,10.213584
E8.5:injection6:clone_463,2,5,2,-1.3437693,4.1879516
E8.5:injection6:clone_464,2,3,12,-1.9476678,7.3422556
E8.5:injection6:clone_465,2,3,12,-1.8899492,7.5927873
E8.5:injection6:clone_466,2,5,2,-1.796376,3.4932866
E8.5:injection6:clone_467,2,3,11,-3.067756,7.846659
E8.5:injection6:clone_468,3,2,4,13.2336,11.797925
E8.5:injection6:clone_470,2,5,2,-3.1505582,4.286059
E8.5:injection6:clone_471,2,3,2,-1.1067387,5.633158
E8.5:injection6:clone_473,5,6,6,8.080999,-1.2555301
E8.5:injection6:clone_475,2,5,2,-3.381397,4.560197
E8.5:injection6:clone_477,3,2,4,15.1323185,12.273203
E8.5:injection6:clone_478,2,3,11,-2.993759,7.0207615
E8.5:injection6:clone_481,2,5,2,-1.4753584,4.263384
E8.5:injection6:clone_482,2,3,12,-1.5216266,7.8074574
E8.5:injection6:clone_483,3,2,4,14.869638,12.408449
E8.5:injection6:clone_485,2,3,11,-3.168285,6.7709036
E8.5:injection6:clone_486,3,2,3,14.771287,11.03951
E8.5:injection6:clone_488,2,3,2,-1.86041,5.3643565
E8.5:injection6:clone_489,1,1,1,7.32441,4.214717
E8.5:injection6:clone_493,3,2,3,15.22243,11.107628
E8.5:injection6:clone_498,4,4,8,10.7608,13.005217
E8.5:injection6:clone_501,1,9,10,10.181192,2.7926059
E8.5:injection6:clone_502,2,3,12,-1.8295311,7.597699
E8.5:injection6:clone_503,9,13,20,-0.8524455,10.489903
E8.5:injection6:clone_506,3,2,3,14.897541,10.756213
E8.5:injection6:clone_507,2,3,11,-3.5722954,6.213599
E8.5:injection6:clone_508,3,2,3,13.969451,10.1856
E8.5:injection6:clone_511,2,3,2,-1.4219269,5.9314795
E8.5:injection6:clone_512,2,3,11,-3.870832,6.4702888
E8.5:injection6:clone_515,3,2,3,14.432025,9.920876
E8.5:injection6:clone_522,2,3,12,-0.9111161,7.017203
E8.5:injection6:clone_525,5,12,19,5.274451,0.6604558
E8.5:injection6:clone_527,2,3,12,-0.83520126,6.20652
E8.5:injection6:clone_530,2,3,11,-3.0006855,7.1848326
E8.5:injection6:clone_537,2,3,11,-3.4423587,7.5206313
E8.5:injection6:clone_539,2,5,2,-1.5650482,3.6539373
E8.5:injection6:clone_540,5,6,6,6.3653507,-1.6263645
E8.5:injection6:clone_541,2,3,2,-1.2437,6.022203
E8.5:injection6:clone_544,1,1,1,6.794629,4.1411347
E8.5:injection6:clone_547,2,3,11,-2.296282,7.3420115
E8.5:injection6:clone_551,2,3,2,-1.9701402,5.8706675
E8.5:injection6:clone_554,2,3,11,-3.232419,7.339815
E8.5:injection6:clone_559,2,5,2,-3.446322,4.2619095
E8.5:injection6:clone_560,2,5,2,-2.1809692,4.268557
E8.5:injection6:clone_561,2,3,12,-1.9805516,8.03139
E8.5:injection6:clone_569,4,4,8,10.813337,14.499274
E8.5:injection6:clone_575,2,3,12,-1.1884017,8.112099
E8.5:injection6:clone_581,5,6,6,7.148083,-0.6989322
E8.5:injection6:clone_591,2,3,12,-0.591895,7.4424014
E8.5:injection6:clone_598,2,3,11,-3.936833,5.4976163
